learning_objectives|taxonomy
A complete chemical equation represents the reactants products and their physical states symbolically.|science>>chemical reactions and equations
A chemical equation is balanced so that the numbers of atoms of each type involved in a chemical reaction are the same on the reactant and product sides of theequation. Equations must always be balanced.|science>>chemical reactions and equations
In a combination reaction two or more substances combine to form a new singlesubstance.|science>>chemical reactions and equations
Decomposition reactions are opposite to combination reactions. In a decomposition reaction a single substance decomposes to give two or more substances.|science>>chemical reactions and equations
Reactions in which heat is given out along with the products are called exothermic reactions.|science>>chemical reactions and equations
Reactions in which energy is absorbed are known as endothermic reactions.|science>>chemical reactions and equations
When an element displaces another element from its compound a displacement reaction occurs.|science>>chemical reactions and equations
Precipitation reactions produce insoluble salts.|science>>chemical reactions and equations
Two different atoms or groups of atoms (ions) are exchanged in double displacement reactions.|science>>chemical reactions and equations
Reactions also involve the gain or loss of oxygen or hydrogen by substances.|science>>chemical reactions and equations
Oxidation is the gain of oxygen or loss of hydrogen.|science>>chemical reactions and equations
Reduction is the loss of oxygen or gain of hydrogen.|science>>chemical reactions and equations
Acid-base indicators are dyes or mixtures of dyes which are used to indicate the presence of acids and bases.|science>>acids, bases and salts
When an acid reacts with a metal hydrogen gas is evolved and a corresponding salt is formed.|science>>acids, bases and salts
When a base reacts with a metal along with the evolution of hydrogen gas a salt is formed which has a negative ion composed of the metal and oxygen.|science>>acids, bases and salts
Acidic and basic solutions in water conduct electricity because they produce hydrogen and hydroxide ions respectively.|science>>acids, bases and salts
Mixing concentrated acids or bases with water is a highly exothermic process.|science>>acids, bases and salts
Acids and bases neutralise each other to form corresponding salts and water.|science>>acids, bases and salts
Water of crystallisation is the fixed number of water molecules present in one formula unit of a salt.|science>>acids, bases and salts
Salts have various uses in everyday life and in industries.|science>>acids, bases and salts
Elements can be classified as metals and non-metals.|science>>metals and non-metal
Metals are lustrous malleable ductile and are good conductors of heat and electricity. They are solids at room temperature, except mercury which is a liquid.|science>>metals and non-metal
Metals can form positive ions by losing electrons to non-metals.|science>>metals and non-metal
Different metals have different reactivities with water and dilute acids.|science>>metals and non-metal
A list of common metals arranged in order of their decreasing reactivity is known as an activity series.|science>>metals and non-metal
Metals above hydrogen in the Activity series can displace hydrogen from dilute acids.|science>>metals and non-metal
A more reactive metal displaces a less reactive metal from its salt solution.|science>>metals and non-metal
Metals occur in nature as free elements or in the form of their compounds.|science>>metals and non-metal
The extraction of metals from their ores and then refining them for use is known as metallurgy.|science>>metals and non-metal
An alloy is a homogeneous mixture of two or more metals or a metal and a non-metal.|science>>metals and non-metal
The surface of some metals such as iron is corroded when they are exposed to moist air for a long period of time. This phenomenon is known as corrosion.|science>>metals and non-metal
Non-metals form negatively charged ions by gaining electrons when reacting with metals.|science>>metals and non-metal
Non-metals form oxides which are either acidic or neutral.|science>>metals and non-metal
Non-metals do not displace hydrogen from dilute acids. They react with hydrogen to form hydrides.|science>>metals and non-metal
Carbon is a versatile element that forms the basis for all living organisms and many of the things we use.|science>>carbon and its compounds
This large variety of compounds is formed by carbon because of its tetravalency and the property of catenation that it exhibits.|science>>carbon and its compounds
Covalent bonds are formed by the sharing of electrons between two atoms so that both can achieve a completely filled outermost shell.|science>>carbon and its compounds
The ability of carbon to form chains gives rise to a homologous series of compounds in which the same functional group is attached to carbon chains of different lengths.|science>>carbon and its compounds
The functional groups such as alcohols aldehydes ketones and carboxylic acids bestow characteristic properties to the carbon compounds that contain them.|science>>carbon and its compounds
Carbon and its compounds are some of our major sources of fuels.|science>>carbon and its compounds
Ethanol and ethanoic acid are carbon compounds of importance in our daily lives.|science>>carbon and its compounds
The action of soaps and detergents is based on the presence of both hydrophobic and hydrophilic groups in the molecule and this helps to emulsify the oily dirt and hence its removal.|science>>carbon and its compounds
Elements are classified on the basis of similarities in their properties.|science>>periodic classification of elements
Mendeléev arranged the elements in increasing order of their atomic masses and according to their chemical properties.|science>>periodic classification of elements
Elements thus arranged show periodicity of properties including atomic size, valency or combining capacity and metallic and non-metallic character.|science>>periodic classification of elements
Elements in the Modern Periodic Table are arranged in 18 vertical columns called groups and 7 horizontal rows called periods.|science>>periodic classification of elements
Movement of various types can be taken as an indication of life.|science>>life processes
Maintenance of life requires processes like nutrition respiration transport of materials within the body and excretion of waste products.|science>>life processes
Autotrophic nutrition involves the intake of simple inorganic materials from the environment and using an external energy source like the Sun to synthesise complex high-energy organic material|science>>life processes
Heterotrophic nutrition involves the intake of complex material prepared by other organisms.|science>>life processes
In human beings the food eaten is broken down by various steps along the alimentary canal and the digested food is absorbed in the small intestine to be sent  to all cells in the body.|science>>life processes
During the process of respiration organic compounds such as glucose are broken down to provide energy in the form of ATP. ATP is used to provide energy for other  reactions in the cell.|science>>life processes
Respiration may be aerobic or anaerobic. Aerobic respiration makes more energy available to the organism.|science>>life processes
In human beings the transport of materials such as oxygen carbon dioxide foodand excretory products is a function of the circulatory system. The circulatory system consists of the heart, blood and blood vessels.|science>>life processes
In highly differentiated plants transport of water minerals food and other materials is a function of the vascular tissue which consists of xylem and phloem.|science>>life processes
In human beings excretory products in the form of soluble nitrogen compounds are removed by the nephrons in the kidneys.|science>>life processes
Plants use a variety of techniques to get rid of waste material. For example waste material may be stored in the cell-vacuoles or as gum and resin removed in the falling leaves or excreted into the surrounding soil.|science>>life processes
Control and coordination are the functions of the nervous system and hormones in our bodies.|science>>control and coordination
The responses of the nervous system can be classified as reflex action voluntary action or involuntary action.|science>>control and coordination
The nervous system uses electrical impulses to transmit messages.|science>>control and coordination
The nervous system gets information from our sense organs and acts through our muscles.|science>>control and coordination
Chemical coordination is seen in both plants and animals.|science>>control and coordination
Hormones produced in one part of an organism move to another part to achieve the desired effect.|science>>control and coordination
A feedback mechanism regulates the action of the hormones.|science>>control and coordination
Reproduction unlike other life processes is not essential to maintain the life of an individual organism.|science>>how do organisms reproduce?
Reproduction involves creation of a DNA copy and additional cellular apparatus by the cell involved in the process.|science>>how do organisms reproduce?
Various organisms use different modes of reproduction depending on their body design.|science>>how do organisms reproduce?
In fission many bacteria and protozoa simply divide into two or more daughter cells.|science>>how do organisms reproduce?
Organisms such as hydra can regenerate if they are broken into pieces. They can also give out buds which mature into new individuals.|science>>how do organisms reproduce?
Roots stems and leaves of some plants develop into new plants through vegetative propagation|science>>how do organisms reproduce?
These are examples of asexual reproduction where new generations are created from a single individual.|science>>how do organisms reproduce?
Sexual reproduction involves two individuals for the creation of a new individual.|science>>how do organisms reproduce?
DNA copying mechanisms creates variations which are useful for ensuring the survival of the species. Modes of sexual reproduction allow for greater variation to be generated.|science>>how do organisms reproduce?
Reproduction in flowering plants involves transfer of pollen grains from the anther to the stigma which is referred to as pollination. This is followed by fertilisation.|science>>how do organisms reproduce?
Changes in the body at puberty such as increase in breast size in girls and new facial hair growth in boys are signs of sexual maturation.|science>>how do organisms reproduce?
The male reproductive system in human beings consists of testes which produce sperms vas deferens seminal vesicles prostate gland urethra and penis.|science>>how do organisms reproduce?
The female reproductive system in human beings consists of ovaries fallopian tubes uterus and vagina.|science>>how do organisms reproduce?
Sexual reproduction in human beings involves the introduction of sperm in the vagina of the female. Fertilisation occurs in the fallopian tube.|science>>how do organisms reproduce?
Speciation may take place when variation is combined with geographical isolation.|science>>heredity and evolution
Evolutionary relationships are traced in the classification of organisms.|science>>heredity and evolution
Tracing common ancestors back in time leads us to the idea that at some point of time non-living material must have given rise to life.|science>>heredity and evolution
Evolution can be worked out by the study of not just living species but also fossils.|science>>heredity and evolution
Complex organs may have evolved because of the survival advantage of even the intermediate stages.|science>>heredity and evolution
Organs or features may be adapted to new functions during the course of evolution.|science>>heredity and evolution
Light seems to travel in straight lines.|science>>light - reflection and refraction
Mirrors and lenses form images of objects. Images can be either real or virtual, depending on the position of the object.|science>>light - reflection and refraction
The reflecting surfaces of all types obey the laws of reflection. The refracting surfaces obey the laws of refraction.|science>>light - reflection and refraction
Mirror formula gives the relationship between the object-distance (u) image-distance (v) and focal length (f) of a spherical mirror.|science>>light - reflection and refraction
The focal length of a spherical mirror is equal to half its radius of curvature.|science>>light - reflection and refraction
The magnification produced by a spherical mirror is the ratio of the height of the image to the height of the object.|science>>light - reflection and refraction
A light ray travelling obliquely from a denser medium to a rarer medium bends away from the normal.|science>>light - reflection and refraction
A light ray bends towards the normal when it travels obliquely from a rarer to a denser medium.|science>>light - reflection and refraction
The speed of light is different in different media.|science>>light - reflection and refraction
The refractive index of a transparent medium is the ratio of the speed of light in vacuum to that in the medium.|science>>light - reflection and refraction
Power of a lens is the reciprocal of its focal length.|science>>light - reflection and refraction
Lens formula gives the relationship between the object-distance (u) image-distance (v) and the focal length (f) of a spherical lens.|science>>light - reflection and refraction
The ability of the eye to focus on both near and distant objects by adjusting its focal length is called the accommodation of the eye.|science>>human eye and colourful world
The smallest distance at which the eye can see objects clearly without strain is called the near point of the eye or the least distance of distinct vision. For a young adult with normal vision it is about 25 cm.|science>>human eye and colourful world
The common refractive defects of vision include myopia hypermetropia and presbyopia.|science>>human eye and colourful world
Myopia (short-sightedness – the image of distant objects is focussed before the retina) is corrected by using a concave lens of suitable power.|science>>human eye and colourful world
Hypermetropia (far-sightedness – the image of nearby objects is focussed beyond the retina) is corrected by using a convex lens of suitable power.|science>>human eye and colourful world
The splitting of white light into its component colours is called dispersion.|science>>human eye and colourful world
Scattering of light causes the blue colour of sky and the reddening of the Sun at sunrise and sunset.|science>>human eye and colourful world
A stream of electrons moving through a conductor constitutes an electric current. Conventionally, the direction of current is taken opposite to the direction of flow of electrons.|science>>electricity
The SI unit of electric current is ampere.|science>>electricity
To set the electrons in motion in an electric circuit we use a cell or a battery. A cell generates a potential difference across its terminals. It is measured in volts (V).|science>>electricity
Resistance is a property that resists the flow of electrons in a conductor.|science>>electricity
The potential difference across the ends of a resistor is directly  proportional to the current through it, provided its temperature remains the same.|science>>electricity
The resistance of a conductor depends directly on its length inversely on its area of cross-section and also on the material of the conductor.|science>>electricity
The equivalent resistance of several resistors in series is equal to the sum of their individual resistances.|science>>electricity
A magnetic field exists in the region surrounding a magnet in which the force of the magnet can be detected.|science>>magnetic effects of electric current
Field lines are used to represent a magnetic field.|science>>magnetic effects of electric current
A metallic wire carrying an electric current has associated with it a magnetic field.|science>>magnetic effects of electric current
The field lines about the wire consist of a series of concentric circles whose direction is given by the right-hand rule.|science>>magnetic effects of electric current
The pattern of the magnetic field around a conductor due to an electric current flowing through it depends on the shape of the conductor.|science>>magnetic effects of electric current
The magnetic field of a solenoid carrying a current is similar to that of a bar magnet.|science>>magnetic effects of electric current
An electromagnet consists of a core of soft iron wrapped around with a coil of insulated copper wire.|science>>magnetic effects of electric current
A current-carrying conductor when placed in a magnetic field experiences a force.|science>>magnetic effects of electric current
If the direction of the field and that of the current are mutually perpendicular to each other, then the force acting on the conductor will be perpendicular to both and will be given by Fleming’s left-hand rule|science>>magnetic effects of electric current
The phenomenon of electromagnetic induction is the production of induced current in a coil placed in a region where the magnetic field changes with time.|science>>magnetic effects of electric current
A generator converts mechanical energy into electrical energy. It works on the basis of electromagnetic induction.|science>>magnetic effects of electric current
Fuse is the most important safety device used for protecting the circuits due to short-circuiting or overloading of the circuits.|science>>magnetic effects of electric current
Many of the sources ultimately derive their energy from the Sun.|science>>sources of energy
The producers make the energy from sunlight available to the rest of the ecosystem.|science>>our environment
The various components of an ecosystem are interdependent.|science>>our environment
There is a loss of energy as we go from one trophic level to the next, this limits the number of trophic levels in a food-chain.|science>>our environment
The use of chemicals like CFCs has endangered the ozone layer. Since the ozone layer protects against the ultraviolet radiation from the Sun, this could damage the environment.|science>>our environment
The waste we generate may be biodegradable or non-biodegradable.|science>>our environment
The disposal of the waste we generate is causing serious environmental problems.|science>>our environment
Our resources like forests wildlife water coal and petroleum need to be used in a sustainable manner.|science>>sustainable management of natural resources
Matter is made up of small particles.|science>>matter in our surroundings
The matter around us exists in three states— solid liquid and gas.|science>>matter in our surroundings
The forces of attraction between the particles are maximum in solids, intermediate in liquids and minimum in gases.|science>>matter in our surroundings
The spaces in between the constituent particles and kinetic energy of the particles are minimum in the case of solids, intermediate in liquids and maximum in gases.|science>>matter in our surroundings
The states of matter are inter-convertible. The state of matter can be changed by changing temperature or pressure.|science>>matter in our surroundings
Sublimation is the change of solid state directly to gaseous state without going through liquid state.|science>>matter in our surroundings
Deposition is the change of gaseous state directly to solid state without going through liquid state.|science>>matter in our surroundings
Boiling is a bulk phenomenon. Particles from the bulk (whole) of the liquid change into vapour state.|science>>matter in our surroundings
Evaporation is a surface phenomenon. Particles from the surface gain enough energy to overcome the forces of attraction present in the liquid and change into the vapour state.|science>>matter in our surroundings
The rate of evaporation depends upon the surface area exposed to the atmosphere the temperature the humidity and the wind speed.|science>>matter in our surroundings
Evaporation causes cooling.|science>>matter in our surroundings
Latent heat of vaporisation is the heat energy required to change 1 kg of a liquid to gas at atmospheric pressure at its boiling point.|science>>matter in our surroundings
Latent heat of fusion is the amount of heat energy required to change 1 kg of solid into liquid at its melting point.|science>>matter in our surroundings
A mixture contains more than one substance (element and/ or compound) mixed in any proportion.|science>>is matter around us pure
Mixtures can be separated into pure substances using appropriate separation techniques.|science>>is matter around us pure
A solution is a homogeneous mixture of two or more substances. The major component of a solution is called the solvent and the minor the solute.|science>>is matter around us pure
The concentration of a solution is the amount of solute present per unit volume or per unit mass of the solution.|science>>is matter around us pure
Materials that are insoluble in a solvent and have particles that are visible to naked eyes, form a suspension. A suspension is a heterogeneous mixture.|science>>is matter around us pure
Colloids are heterogeneous mixtures in which the particle size is too small to be seen with the naked eye, but is big enough to scatter light.|science>>is matter around us pure
The particles are called the dispersed phase and the medium in which they are distributed is called the dispersion medium.|science>>is matter around us pure
An element is a form of matter that cannot be broken down by chemical reactions into simpler substances.|science>>is matter around us pure
A compound is a substance composed of two or more different types of elements chemically combined in a fixed proportion.|science>>is matter around us pure
Properties of a compound are different from its constituent elements whereas a mixture shows the properties of its constituting elements or compounds.|science>>is matter around us pure
During a chemical reaction the sum of the masses of the reactants and products remains unchanged. This is known as the Law of Conservation of Mass.|science>>atoms and molecules
According to the Law of Definite Proportions in a pure chemical compound elements are always present in a definite proportion by mass.|science>>atoms and molecules
An atom is the smallest particle of the element that cannot usually exist independently and retain all its chemical properties.|science>>atoms and molecules
A molecule is the smallest particle of an element or a compound capable of independent existence under ordinary conditions. It shows all the properties of the substance.|science>>atoms and molecules
A chemical formula of a compound shows its constituent elements and the number of atoms of each combining element.|science>>atoms and molecules
Clusters of atoms that act as an ion are called polyatomic ions.|science>>atoms and molecules
The chemical formula of a molecular compound is determined by the valency of each element.|science>>atoms and molecules
In ionic compounds the charge on each ion is used to determine the chemical formula of the compound.|science>>atoms and molecules
Mass of 1 mole of a substance is called its molar mass.|science>>atoms and molecules
Rutherford’s model of the atom proposed that a very tiny nucleus is present inside the atom and electrons revolve around this nucleus.|science>>structure of the atom
Valency is the combining capacity of an atom.|science>>structure of the atom
The atomic number of an element is the same as the number of protons in the nucleus of its atom.|science>>structure of the atom
The mass number of an atom is equal to the number of nucleons in its nucleus.|science>>structure of the atom
Isotopes are atoms of the same element, which have different mass numbers.|science>>structure of the atom
Elements are defined by the number of protons they possess.|science>>structure of the atom
Isobars are atoms having the same mass number but different atomic numbers.|science>>structure of the atom
The fundamental organisational unit of life is the cell.|science>>the fundamental unit of life
Cells are enclosed by a plasma membrane composed of lipids and proteins.|science>>the fundamental unit of life
The cell membrane is an active part of the cell. It regulates the movement of materials between the ordered interior of the cell and the outer environment.|science>>the fundamental unit of life
In plant cells a cell wall composed mainly of cellulose is located outside the cell membrane.|science>>the fundamental unit of life
The presence of the cell wall enables the cells of plants fungi and bacteria to exist in hypotonic media without bursting.|science>>the fundamental unit of life
The nucleus in eukaryotes is separated from the cytoplasm by double-layered membrane and it directs the life processes of the cell.|science>>the fundamental unit of life
The ER functions both as a passageway for intracellular transport and as a manufacturing surface. Chromoplasts that contain chlorophyll are called chloroplasts and they perform photosynthesis.|science>>the fundamental unit of life
The primary function of leucoplasts is storage.|science>>the fundamental unit of life
Most mature plant cells have a large central vacuole that helps to maintain the turgidity of the cell and stores important substances including wastes.|science>>the fundamental unit of life
Prokaryotic cells have no membrane-bound organelles their chromosomes are composed of only nucleic acid and they have only very small ribosomes as organelles.|science>>the fundamental unit of life
Cells in organisms divide for growth of body for repalcing dead cells and for forming gametes for reproduction.|science>>the fundamental unit of life
Tissue is a group of cells similar in structure and function.|science>>tissues
Plant tissues are of two main types – meristematic and permanent.|science>>tissues
Meristematic tissue is the dividing tissue present in the growing regions of the plant.|science>>tissues
Permanent tissues are derived from meristematic tissue once they lose the ability to divide. They are classified as simple and complex tissues.|science>>tissues
Animal tissues can be epithelial connective muscular and nervous tissue.|science>>tissues
Depending on shape and function epithelial tissue is classified as squamous cuboidal columnar ciliated and glandular.|science>>tissues
The different types of connective tissues in our body include areolar tissue adipose tissue bone tendon ligament cartilage and blood.|science>>tissues
Striated, unstriated and cardiac are three types of muscle tissues.|science>>tissues
Nervous tissue is made of neurons that receive and conduct impulses.|science>>tissues
Classification helps us in exploring the diversity of life forms.|science>>diversity in living organisms
The classification of life forms is related to their evolution.|science>>diversity in living organisms
Plantae and Animalia are further divided into subdivisions on the basis of increasing complexity of body organisation.|science>>diversity in living organisms
Plants are divided into five groups: Thallophytes Bryophytes Pteridophytes Gymnosperms and Angiosperms.|science>>diversity in living organisms
The binomial nomenclature makes for a uniform way of identification of the vast diversity of life around us.|science>>diversity in living organisms
The binomial nomenclature is made up of two words – a generic name and a specific name.|science>>diversity in living organisms
Motion is a change of position; it can be described in terms of the distance moved or the displacement.|science>>motion
The motion of an object could be uniform or non-uniform depending on whether its velocity is constant or changing.|science>>motion
The speed of an object is the distance covered per unit time, and velocity is the displacement per unit time.|science>>motion
The acceleration of an object is the change in velocity per unit time.|science>>motion
If an object moves in a circular path with uniform speed, its motion is called uniform circular motion.|science>>motion
The natural tendency of objects to resist a change in their state of rest or of uniform motion is called inertia.|science>>force and laws of motion
The mass of an object is a measure of its inertia. Its SI unit is kilogram (kg).|science>>force and laws of motion
Force of friction always opposes motion of objects.|science>>force and laws of motion
The rate of change of momentum of an object is proportional to the applied unbalanced force in the direction of the force.|science>>force and laws of motion
The momentum of an object is the product of its mass and velocity and has the same direction as that of the velocity.|science>>force and laws of motion
To every action, there is an equal and opposite reaction and they act on two different bodies.|science>>force and laws of motion
In an isolated system (where there is no external force), the total momentum remains conserved.|science>>force and laws of motion
An object continues to be in a state of rest or of uniform motion along a straight line unless acted upon by an unbalanced force.|science>>force and laws of motion
The law of gravitation states that the force of attraction between any two objects is proportional to the product of their masses and inversely proportional to the square of the distance between them.|science>>gravitation
Gravitation is a weak force unless large masses are involved.|science>>gravitation
The force of gravity decreases with altitude. It also varies on the surface of the earth, decreasing from poles to the equator.|science>>gravitation
The weight of a body is the force with which the earth attracts it.|science>>gravitation
The weight is equal to the product of mass and acceleration due to gravity.|science>>gravitation
The weight may vary from place to place but the mass stays constant.|science>>gravitation
All objects experience a force of buoyancy when they are immersed in a fluid.|science>>gravitation
Objects having density less than that of the liquid in which they are immersed, float on the surface of the liquid. If the density of the object is more than the density of the liquid in which it is immersed then it sinks in the liquid.|science>>gravitation
Work done on an object is defined as the magnitude of the force multiplied by the distance moved by the object in the direction of the applied force.|science>>work and energy
Work done on an object by a force would be zero if the displacement of the object is zero.|science>>work and energy
An object having capability to do work is said to possess energy.|science>>work and energy
An object in motion possesses what is known as the kinetic energy of the object.|science>>work and energy
The energy possessed by a body due to its change in position or shape is called the potential energy.|science>>work and energy
According to the law of conservation of energy energy can only be transformed from one form to another; it can neither be created nor destroyed.|science>>work and energy
Sound is produced due to vibration of different objects.|science>>sound
Sound travels as a longitudinal wave through a material medium.|science>>sound
Sound travels as successive compressions and rarefactions in the medium.|science>>sound
In sound propagation it is the energy of the sound that travels and not the particles of the medium.|science>>sound
Sound cannot travel in vacuum.|science>>sound
The change in density from one maximum value to the minimum value and again to the maximum value makes one complete oscillation.|science>>sound
The distance between two consecutive compressions or two consecutive rarefactions is called the wavelength.|science>>sound
The time taken by the wave for one complete oscillation of the density or pressure of the medium is called the time period.|science>>sound
The number of complete oscillations per unit time is called the frequency.|science>>sound
The speed of sound depends primarily on the nature and the temperature of the transmitting medium.|science>>sound
The persistence of sound in an auditorium is the result of repeated reflections of sound and is called reverberation.|science>>sound
Sound properties such as pitch loudness and quality are determined by the corresponding wave properties.|science>>sound
Sound waves with frequencies below the audible range are termed “infrasonic” and those above the audible range are termed “ultrasonic”.|science>>sound
Health is a state of physical mental and social well-being.|science>>why do we fall ill?
Diseases are classified as acute or chronic depending on their duration.|science>>why do we fall ill?
Infectious agents belong to different categories of organisms and may be unicellular and microscopic or multicellular.|science>>why do we fall ill?
The category to which a disease-causing organism belongs decides the type of treatment.|science>>why do we fall ill?
Infectious agents are spread through air water physical contact or vectors.|science>>why do we fall ill?
Prevention of disease is more desirable than its successful treatment.|science>>why do we fall ill?
Infectious diseases can be prevented by public health hygiene measures that reduce exposure to infectious agents.|science>>why do we fall ill?
Infectious diseases can also be prevented by using immunisation.|science>>why do we fall ill?
Effective prevention of infectious diseases in the community requires that everyone should have access to public hygiene and immunisation.|science>>why do we fall ill?
Life on Earth depends on resources like soil water and air and energy from the Sun.|science>>natural resources
Uneven heating of air over land and water-bodies causes winds.|science>>natural resources
Evaporation of water from water -bodies and subsequent condensation give us rain.|science>>natural resources
Rainfall patterns depend on the prevailing wind patterns in an area.|science>>natural resources
Various nutrients are used again and again in a cyclic fashion. This leads to a certain balance between the various components of the biosphere.|science>>natural resources
Pollution of air water and soil affect the quality of life and harm the biodiversity.|science>>natural resources
We need to conserve our natural resources and use them in a sustainable manner.|science>>natural resources
Manure and fertilizers are the main sources of nutrient supply to crops.|science>>improvement in food resources
Organic farming is a farming system with minimal or no use of chemicals as fertilizers herbicides pesticides etc. and with a maximum input of organic manures recyled farm wastes  and bio-agents, with healthy cropping systems.|science>>improvement in food resources
Mixed farming is a system of farming on a particular farm which includes crop production, raising of livestock etc.|science>>improvement in food resources
Mixed cropping is growing of two or more crops simultaneously on the same piece of land.|science>>improvement in food resources
Growing two or more crops in definite row patterns is known as inter-cropping.|science>>improvement in food resources
The growing of different crops on a piece of land in pre-planned succession is called crop rotation.|science>>improvement in food resources
Varietal improvement is required for higher yield good quality biotic and abiotic resistance shortening the maturity duration wider adaptability and desirable agronomic characteristics.|science>>improvement in food resources
Farm animals require proper care and management such as shelter feeding breeding and disease control. This is called animal husbandry.|science>>improvement in food resources
Poultry farming is done to raise domestic fowls. Poultry production includes egg production and broiler production for poultry meat.|science>>improvement in food resources
To enhance poultry production cross breeding is done between Indian and exotic breeds for variety improvement.|science>>improvement in food resources
Marine fish capture is done by fishing nets guided by echo- sounders and satellites.|science>>improvement in food resources
Composite fish culture system is commonly used for fish farming.|science>>improvement in food resources
In order to provide food to our growing population we need to adopt certain agricultural practices.|science>>crop production and management
Same kind of plants cultivated at a place constitute a crop.|science>>crop production and management
In India crops can be broadly categorised into two types based on seasons - rabi and kharif crops.|science>>crop production and management
It is necessary to prepare soil by tilling and levelling. Ploughs and levellers are used for this purpose.|science>>crop production and management
Sowing of seeds at appropriate depths and distances gives good yield. Good variety of seeds are sown after selection of healthy seeds. Sowing is done by seed drills.|science>>crop production and management
Soil needs replenishment and enrichment through the use of organic manure and fertilisers. Use of chemical fertilisers has increased tremendously with the introduction of new crop varieties.|science>>crop production and management
Supply of water to crops at appropriate intervals is called irrigation.|science>>crop production and management
Weeding involves removal of unwanted and uncultivated plants called weeds.|science>>crop production and management
Harvesting is the cutting of the mature crop manually or by machines.|science>>crop production and management
Separation of the grains from the chaff is called threshing.|science>>crop production and management
Proper storage of grains is necessary to protect them from pests and microorganisms.|science>>crop production and management
Food is also obtained from animals for which animals are reared. This is called animal husbandry.|science>>crop production and management
Microorganisms are too small and are not visible to the unaided eye|science>>microorganisms : friend and foe
They can live in all kinds of environment ranging from ice cold climate to hot springs and deserts to marshy lands.|science>>microorganisms : friend and foe
Microorganisms are found in air water and in the bodies of plants and animals.|science>>microorganisms : friend and foe
Microorganisms may be unicellular or multicellular.|science>>microorganisms : friend and foe
Microorganisms include bacteria fungi protozoa and some algae. Viruses though different from the above mentioned living organisms are considered microbes.|science>>microorganisms : friend and foe
Viruses are quite different from other microorganisms. They reproduce only inside the host organism: bacterium, plant or animal cell.|science>>microorganisms : friend and foe
Some microorganisms are useful for commercial production of medicines and alcohol.|science>>microorganisms : friend and foe
Some microorganisms decompose the organic waste and dead plants and animals into simple substances and clean up the environment.|science>>microorganisms : friend and foe
Protozoans cause serious diseases like dysentery and malaria.|science>>microorganisms : friend and foe
Some of the microorganisms grow on our food and cause food poisoning.|science>>microorganisms : friend and foe
Some microorganisms reside in the root nodules of leguminous plants. They can fix nitrogen from air into soil and increase the soil fertility.|science>>microorganisms : friend and foe
Some bacteria present in the soil fix nitrogen from the atmosphere and convert into nitrogenous compounds.|science>>microorganisms : friend and foe
Certain bacteria convert compounds of nitrogen present in the soil into nitrogen gas which is released to the atmosphere.|science>>microorganisms : friend and foe
Synthetic fibres and plastics like natural fibres are made of very large units called polymers. Polymers are made up of many smaller units|science>>synthetic fibres and plastics
While natural fibres are obtained from plants and animals synthetic fibres are obtained by chemical processing of petrochemicals. Like natural fibres these fibres can also be woven into fabrics.|science>>synthetic fibres and plastics
Synthetic fibres find uses ranging from many household articles like ropes buckets  furniture  containers  etc.  to highly specialised uses in aircrafts ships spacecrafts healthcare etc.|science>>synthetic fibres and plastics
Depending upon the types of chemicals used for manufacturing synthetic fibres they are called Rayon Nylon Polyester and Acrylic.|science>>synthetic fibres and plastics
The different types of fibres differ from one another in their strength water absorbing capacity nature of burning cost durability etc.|science>>synthetic fibres and plastics
Today life without plastics cannot be imagined. Be it home or outside plastic is everywhere.|science>>synthetic fibres and plastics
The waste created by plastics is not environment friendly. On burning plastics release poisonous gases. On dumping in the ground they may take years to degenerate. This is because of their non-biodegradable nature.|science>>synthetic fibres and plastics
Metals are lustrous whereas non-metals have no lustre.|science>>materials : metals and non-metals
Generally metals are malleable and ductile. Non-metals do not have these properties.|science>>materials : metals and non-metals
Generally metals are good conductors of heat and electricity but non-metals are poor conductors.|science>>materials : metals and non-metals
On burning metals react with oxygen to produce metal oxides which are basic in nature. Non-metals react with oxygen to produce non- metallic oxides which are acidic in nature.|science>>materials : metals and non-metals
Some metals react with water to produce metal hydroxides and hydrogen gas. Generally non-metals do not react with water.|science>>materials : metals and non-metals
Metals react with acids and produce metal salts and hydrogen gas. Generally non-metals do not react with acids.|science>>materials : metals and non-metals
Some metals react with bases to produce hydrogen gas.|science>>materials : metals and non-metals
More reactive metals displace less reactive metals from their compounds in aqueous solutions.|science>>materials : metals and non-metals
Metals and non-metals are used widely in every day life.|science>>materials : metals and non-metals
Coal petroleum and natural gas are fossil fuels.|science>>coal and petroleum
Fossil fuels were formed from the dead remains of living organisms millions of years ago.|science>>coal and petroleum
Fossil fuels are exhaustible resources.|science>>coal and petroleum
Coke coal tar and coal gas are the products of coal.|science>>coal and petroleum
Petroleum gas petrol diesel kerosene paraffin wax lubricating oil are obtained by refining petroleum|science>>coal and petroleum
Coal and petroleum resources are limited. We should use them judiciously.|science>>coal and petroleum
The substances which burn in air are called combustible.|science>>combustion and flame
Oxygen (in air) is essential for combustion.|science>>combustion and flame
Ignition temperature is the lowest temperature at which a combustible substance catches fire.|science>>combustion and flame
During the process of combustion, heat and light are given out.|science>>combustion and flame
Inflammable substances have very low ignition temperature.|science>>combustion and flame
There are various types of combustions such as rapid combustion spontaneous combustion explosion etc.|science>>combustion and flame
There are three different zones of a flame - dark zone luminous zone and non-luminous zone.|science>>combustion and flame
An ideal fuel is cheap readily available readily combustible and easy to transport. It has high calorific value. It does not produce gases or residues that pollute the environment.|science>>combustion and flame
Fuels differ in their efficiency and cost.|science>>combustion and flame
Unburnt carbon particles in air are dangerous pollutants causing respiratory problems.|science>>combustion and flame
Incomplete combustion of a fuel gives poisonous carbon monoxide gas.|science>>combustion and flame
Biodiversity refers to the variety of living organisms in a specific area.|science>>conservation of plants and animals
Plants and animals of a particular area are known as the flora and fauna of that area.|science>>conservation of plants and animals
Endemic species are found only in a particular area.|science>>conservation of plants and animals
Endangered species are those which are facing the danger of extinction.|science>>conservation of plants and animals
Reforestation is the restocking of destroyed    forests by planting new trees.|science>>conservation of plants and animals
Some organisms are single-celled while others contain large number of cells.|science>>cell structure and functions
The single cell of unicellular organisms performs all the basic functions performed by a variety of cells in multicellular organisms.|science>>cell structure and functions
The cell has three main parts: (i) the cell membrane (ii) cytoplasm which contains smaller components called organelles and (iii) the nucleus.|science>>cell structure and functions
Nucleus is separated from cytoplasm by a nuclear membrane.|science>>cell structure and functions
Nucleus is separated from cytoplasm by a nuclear membrane.|science>>cell structure and functions
Plant cells differ from animal cells in having an additional layer around the cell membrane termed cell wall.|science>>cell structure and functions
Coloured bodies called plastids are found in the plant cells only. Green plastids containing chlorophyll are called chloroplasts.|science>>cell structure and functions
Plant cell has a big central vacuole unlike a number of small vacuoles in animal cells.|science>>cell structure and functions
Reproduction resulting from the fusion of male and female gametes is called sexual reproduction.|science>>reproduction in animals
The reproductive organs in the female include ovaries oviducts and uterus.|science>>reproduction in animals
The reproductive organs in male include testes sperm ducts and penis.|science>>reproduction in animals
The ovary produces female gametes called ova and the testes produce male gametes called sperms.|science>>reproduction in animals
The fusion of ovum and sperm is called fertilisation. The fertilised egg is called a zygote.|science>>reproduction in animals
Fertilisation that takes place inside the female body is called internal fertilisation. This is observed in human beings and other animals such as hens, cows and dogs.|science>>reproduction in animals
The zygote divides repeatedly to give rise to an embryo.|science>>reproduction in animals
Fertilisation that takes place outside the female body is called external fertilisation. This is observed in frogs fish starfish etc.|science>>reproduction in animals
The embryo gets embedded in the wall of the uterus for further development.|science>>reproduction in animals
The stage of the embryo in which all the body parts are identifiable is called foetus.|science>>reproduction in animals
Animals such as hen frog lizard and butterfly which lay eggs are called oviparous animals.|science>>reproduction in animals
The transformation of the larva into adult through drastic changes is called metamorphosis.|science>>reproduction in animals
The type of reproduction in which only a single parent is involved is called asexual reproduction.|science>>reproduction in animals
In hydra new individuals develop from buds. This method of asexual reproduction is called budding.|science>>reproduction in animals
Amoeba reproduces by dividing itself into two. This type of asexual reproduction is called binary fission.|science>>reproduction in animals
Force could be a push or a pull.|science>>force and pressure
A force arises due to the interaction between two objects.|science>>force and pressure
Force has magnitude as well as direction.|science>>force and pressure
A change in the speed of an object or the direction of its motion or both implies a change in its state of motion.|science>>force and pressure
Force acting on an object may cause a change in its state of motion or a change in its shape.|science>>force and pressure
A force can act on an object with or without being in contact with it.|science>>force and pressure
Force per unit area is called pressure.|science>>force and pressure
Liquids and gases exert pressure on the walls of their containers.|science>>force and pressure
The pressure exerted by air around us is known as atmospheric pressure.|science>>force and pressure
Friction opposes the relative motion between two surfaces in contact. It acts on both the surfaces.|science>>friction
Friction depends on the nature of surfaces in contact.|science>>friction
For a given pair of surfaces friction depends upon the state of smoothness of those surfaces.|science>>friction
Friction depends on how hard the two surfaces press together.|science>>friction
Static friction comes into play when we try to move an object at rest.|science>>friction
Sliding friction comes into play when an object is sliding over another.|science>>friction
Sliding friction is smaller than static friction.|science>>friction
Friction is important for many of our activities.|science>>friction
Friction can be increased by making a surface rough.|science>>friction
The sole of the shoes and the tyres of the vehicle are treaded to increase friction.|science>>friction
When one body rolls over another body, rolling friction comes into play. Rolling friction is smaller than sliding friction.|science>>friction
In many machines friction is reduced by using ball bearings.|science>>friction
Fluid friction can be minimised by giving suitable shapes to bodies moving in fluids.|science>>friction
Sound is produced by vibrating objects.|science>>sound
In human beings the vibration of the vocal cords produces sound.|science>>sound
Sound travels through a medium (gas, liquid or solid). It cannot travel in vacuum.|science>>sound
The eardrum senses the vibrations of sound, It sends the signals to the brain. This process is called hearing.|science>>sound
The number of oscillations or vibrations per second is called the frequency of oscillation.|science>>sound
Larger the amplitude of vibration, the louder is the sound.|science>>sound
Higher the frequency of vibration the higher is the pitch and shriller is the sound.|science>>sound
Unpleasant sounds are called noise.|science>>sound
Attempts should be made to minimise noise pollution.|science>>sound
Some liquids are good conductors of electricity and some are poor conductors.|science>>chemical effects of electric current
Most liquids that conduct electricity are solutions of acids, bases and salts.|science>>chemical effects of electric current
The passage of an electric current through a conducting liquid causes chemical reactions. The resulting effects are called chemical effects of currents.|science>>chemical effects of electric current
The process of depositing a layer of any desired metal on another material by means of electricity, is called electroplating.|science>>chemical effects of electric current
There are two kinds of charges — positive charge and negative charge|science>>some natural phenomena
Like charges repel and unlike charges attract each other.|science>>some natural phenomena
The electrical charges produced by rubbing are called static charges.|science>>some natural phenomena
When charges move they constitute an electric current.|science>>some natural phenomena
An electroscope may be used to detect whether a body is charged or not.|science>>some natural phenomena
The process of transfer of charge from a charged object to the earth is called earthing.|science>>some natural phenomena
The process of electric discharge between clouds and the earth or between differentclouds causes lightning.|science>>some natural phenomena
Lightning conductors can protect buildings from the effects of lightning.|science>>some natural phenomena
Light is reflected from all surfaces.|science>>light
Diffused or irregular reflection takes place from rough surfaces.|science>>light
Regular reflection takes place when light is  incident on smooth, polished and regular surfaces.|science>>light
The angle of incidence is equal to the angle of reflection.|science>>light
Incident ray reflected ray and the normal drawn at the point of incidence to the reflecting surface, lie in the same plane.|science>>light
Image formed in a plane mirror undergoes lateral inversion.|science>>light
Two mirrors inclined to each other give multiple images.|science>>light    
Splitting of light into its constituent colours is known as dispersion.|science>>light
The phases of the moon occur because we can see only that part of the moon which reflects the light of the Sun towards us.|science>>stars and the solar system
Stars are celestial bodies that emit light of their own. Our sun is also a star.|science>>stars and the solar system
It is convenient to express distances of stars in light years.|science>>stars and the solar system
Stars appear to move from east to west.|science>>stars and the solar system
The pole star appears to be stationary from the Earth, because it is situated close to the direction of the axis of rotation of the Earth.|science>>stars and the solar system
Constellations are groups of stars that appear to form recognisable shapes.|science>>stars and the solar system
The solar system consists of eight planets and a host of asteroids, comets and meteors.|science>>stars and the solar system
A body revolving around another body is called a satellite.|science>>stars and the solar system
Moon is the natural satellite of the Earth. Some planets also have natural satellites.|science>>stars and the solar system
The artificial satellites revolve around the Earth. They are much closer than the moon.|science>>stars and the solar system
Artificial satellites are used for weather forecasting, long distance communication and remote sensing.|science>>stars and the solar system
Air pollution is the contamination of air by  impurities which may have a harmful impact  on the living organisms and the non-living components.|science>>pollution of air and water
Pollutants are the substances which contaminate air and water.|science>>pollution of air and water
Carbon monoxide nitrogen oxides carbon dioxide methane and sulphur dioxide are the major pollutants of air|science>>pollution of air and water
Increasing levels of greenhouse gases like CO 2 are leading to global warming.|science>>pollution of air and water
Water pollution is the contamination of water by substances harmful to life.|science>>pollution of air and water
Water which is purified and fit for drinking is known as potable water|science>>pollution of air and water